Household Income,Children age,Satisfaction,Happiness level,Gender,Marital Status
77470.41714455394,10,38.43195397615945,36.66530265455305,Female,Divorced
165451.7448169426,9,25.479449071669713,12.518323224529395,Female,Single
55809.46239299585,7,28.97177942006367,13.611039408984045,Male,Married
105564.16145843841,13,87.22202111945879,79.16625430886043,Male,Married
46799.07220507276,6,13.252963283701359,11.95763332860419,Female,Single
71629.53155454637,10,36.45074785742676,31.327088251476024,Male,Married
175592.00004184287,10,19.97981936163208,18.83192518553109,Female,Single
74499.68145540923,10,38.769747142163546,17.39263738342382,Male,Divorced
133460.48712579053,7,68.8967870356476,74.44426844533791,Male,Divorced
171147.54025275013,10,22.66211391414645,13.267312875744311,Female,Divorced
44548.39161292488,6,12.279939049794685,28.28239854392459,Female,Single
46520.12982516957,5,15.331948559944504,24.634637716013685,Male,Single
122241.60294805617,8,82.37850144914708,67.91757031368925,Male,Single
130782.99774141835,7,78.04430897743929,75.54821645279662,Female,Single
136756.21034055745,8,74.8939427617913,66.57217089820418,Female,Divorced
120608.20379099889,8,82.98494304491896,57.418043242521506,Female,Married
173627.45936015353,9,28.579500340785202,24.97239025297021,Female,Divorced
133306.88988741022,8,79.63478377698547,75.51031915012298,Female,Single
176673.5871606755,9,25.344829483679074,23.219959779771298,Female,Single
72105.87860351529,10,40.31505269681408,40.80735087577435,Male,Single
56045.59350955931,6,15.731935506007815,21.248797940092167,Male,Single
122166.44544286508,7,75.72614138069855,82.1413508090752,Female,Divorced
129628.31737838953,7,74.16227622951632,73.53306908003374,Male,Single
52568.319480591104,5,5.052220898145606,-3.839488220959222,Female,Divorced
52016.39441740637,6,22.256703511304785,33.3373561561075,Female,Divorced
42835.90257173842,6,8.005841143969228,1.7424647799696746,Male,Married
109632.61477104339,13,91.40487651970997,110.46762569159384,Female,Single
77185.01282794634,11,40.70671194830922,45.78619873709558,Male,Single
54684.13458915635,6,9.689445814822768,11.194267455993595,Female,Married
101126.66246277773,13,91.59839984994522,94.40636019802642,Male,Married
143035.44808451997,8,82.17848756692383,82.7450138320853,Female,Single
42581.550654167106,5,16.7956172624347,6.653482682485651,Female,Divorced
163963.91049840904,9,9.621639708410335,12.688667028198209,Female,Divorced
75543.36748983382,10,41.75101967759831,35.488375018940154,Male,Divorced
167954.3561308537,10,25.66960241931674,6.023377841153682,Female,Divorced
133643.20324337704,8,79.1126909391934,71.36358790224389,Female,Married
106657.25844083715,14,93.63800194162243,96.02332991940526,Female,Married
80960.9197393581,11,42.28932880418637,34.90628216044178,Female,Divorced
130460.99247099888,7,69.14213895193049,85.8370189524915,Female,Divorced
38425.62343655665,6,20.313202029213844,22.09221160331156,Female,Single
92382.6247533866,14,87.9718600347988,95.58183454567236,Male,Single
50728.121888133384,6,15.083107420756953,12.882476516979692,Female,Married
77806.20854215958,10,38.2527598458941,54.341980886078055,Female,Married
38069.627870815806,6,11.241172723295115,7.992209674172448,Male,Married
129380.26532976395,7,74.50976351389548,65.06850589494907,Female,Single
46052.620201062964,6,20.805544028195367,19.211322343678837,Male,Married
98076.43785236213,13,93.04491717759016,96.27020925290891,Female,Married
51995.711782995844,5,29.332801007996807,26.778947270715722,Female,Married
95141.54610893411,13,89.64360906426899,93.49373761844265,Male,Divorced
55350.270222886786,5,21.88642916796596,31.212535594539382,Female,Divorced
51140.02486446664,6,18.888081501405807,12.502560405888559,Female,Single
131866.19908466586,9,79.00074188144092,80.6569322411662,Male,Married
55902.67437316139,6,19.899301541169162,30.153100540872778,Female,Married
164206.58306394352,9,23.64374902246671,9.249361255411246,Female,Single
68193.15141461653,11,33.655734071736376,25.02623679941592,Male,Divorced
49183.7599294968,6,13.211857491567166,2.2061968505285563,Female,Divorced
172926.516456978,10,26.833585586048045,23.386096237350635,Male,Married
79394.52295106438,9,39.21439304101366,51.14067528081665,Female,Single
39724.57586282221,6,24.883385130807905,36.93891819293484,Male,Married
54315.53670691707,6,18.5644406389019,10.169970812915736,Female,Single
130367.938898329,8,83.14354525079736,67.84120052176887,Female,Single
72449.30999227182,11,38.49128101345842,52.06556322590033,Female,Single
102470.33713083813,14,93.08924320165104,97.75865818688766,Female,Divorced
106255.46346012254,13,84.61843660738424,75.11155120888424,Male,Single
116230.06419801952,8,71.68902322682116,44.80193229555685,Female,Married
132050.96954255708,8,59.72560848542705,61.84558135275599,Male,Single
131432.63047026878,8,66.58029579387033,57.8792462842997,Female,Single
95070.83787735,13,94.53693176965592,91.05958159190334,Male,Married
172521.57839190634,9,23.21934627504125,20.300624827731284,Male,Single
102191.92286950207,12,88.4576726013762,82.96055101024314,Female,Married
69256.43475391384,10,44.66900653266667,37.00603843609584,Female,Married
184916.71855721588,9,22.838840139332113,6.132746691746799,Female,Divorced
120891.99781005793,7,81.74201036361815,78.00879617324907,Male,Married
135644.65444052796,7,77.22403359131859,70.71603113776852,Female,Married
104601.55054345138,13,80.01332532133807,91.46334922241408,Male,Married
51021.566515571925,5,17.88772594003111,30.390150207479188,Female,Single
108826.92348105414,13,87.98827843664918,103.09128943856687,Female,Married
54003.68461076217,6,21.43908618624584,17.6916359083482,Female,Married
103284.60648004028,13,84.1107342193337,88.32479914440032,Male,Divorced
76070.33817172276,10,38.69751076181694,39.6994237780619,Female,Single
99686.89354155364,13,86.49531898679857,90.93923896845592,Male,Divorced
117861.17759670499,7,73.266781207319,77.98448137047981,Male,Single
124179.62828654922,8,79.71146810974642,62.48542599203499,Male,Married
126277.2302144328,7,68.58631103082777,60.53712919295697,Male,Single
73578.56688329775,10,36.22693144131763,30.423079757771358,Male,Divorced
173514.79560045598,9,23.140867031211833,25.967796433128516,Female,Divorced
45390.84121106738,7,19.323184594290243,6.298904610380372,Male,Divorced
56194.78453054066,6,19.234994811976275,21.962660232443802,Female,Married
76594.26200747534,10,39.07628736167051,21.84440973632427,Male,Single
53756.25729790772,6,14.27282333154373,8.43369688606058,Female,Single
125127.48465322434,7,68.62730028944475,80.18598813596624,Male,Single
71093.41988431866,10,37.71138445310641,54.17297314905779,Female,Single
108845.21165706824,13,91.7625335595427,89.80849479921277,Female,Divorced
173957.86041612265,8,37.96591903501564,22.010721892993853,Male,Married
38133.52856799532,6,16.199718966803122,18.160311873446084,Female,Single
162973.80551356025,8,21.847807127343245,9.173201565449165,Male,Divorced
45322.67312037053,6,16.471831297627237,17.808430988149954,Male,Married
106688.66901538002,13,86.70201111320213,93.9662383899806,Male,Married
96806.27914493415,14,89.77712745922645,87.19634108185642,Male,Divorced
135054.85351101725,8,71.96888662511643,81.13289120922435,Male,Single
95175.48684967317,13,95.20878080027362,91.17745696647567,Female,Single
104143.93814697172,14,77.70798405981616,90.2264913819993,Male,Married
63309.65038311587,9,35.09023480485756,27.02254384262774,Female,Single
165014.69412553505,8,25.027570382699178,25.682153510098672,Male,Divorced
99331.88013404039,13,86.99359794948941,83.52849182054156,Male,Married
119085.44944661614,8,71.0479575875387,67.24968401483689,Male,Married
177127.03662671376,9,17.872080785176358,30.075595871805106,Female,Married
109267.68703049302,12,83.44274683492445,79.04267851937935,Female,Divorced
46341.4342420763,6,16.28648059603166,8.141503689309921,Male,Single
200000.0,9,28.016828179230668,32.22772642718522,Female,Married
46501.83413424069,6,17.566747857081953,6.829350529157509,Female,Married
173258.2990538946,9,28.180483485275467,23.735421445144052,Female,Single
129273.27012461319,8,73.98569912259241,72.38108754465846,Female,Married
183708.96990413562,8,26.02287089799628,27.802030475856856,Female,Divorced
74008.37403394231,9,46.81722514827333,47.86715007583047,Male,Divorced
70507.17395127074,10,39.02296766136048,51.54033874554392,Female,Married
71737.25602962956,11,47.365273248626245,28.628805028475572,Female,Single
168274.11323506702,9,26.89860307329071,28.269967027517872,Female,Married
101343.72226959483,13,85.99722150315083,87.55075128604955,Female,Divorced
100790.84117341388,13,95.27010977028473,89.79840614413736,Female,Single
38312.43273689243,5,15.842819828738715,20.105885677531063,Female,Single
46057.77957438391,5,7.933240647965121,14.461046563616389,Female,Single
127602.24561409286,9,87.7949996051453,84.18330478466638,Female,Married
57580.47294711426,5,26.881998892881416,20.395823276585965,Female,Married
135921.2611781691,8,75.70467983244994,57.724764073695894,Male,Married
81032.64940565992,10,44.25790493068902,33.54324640635639,Female,Married
53231.18259417097,6,17.442000237664782,20.391576518874793,Male,Single
96614.23830405374,13,83.67965234807932,93.92040759607923,Male,Divorced
33276.867418116104,6,19.156084457454934,23.223141457188355,Male,Single
70879.59308937547,11,38.50435770781299,28.591691239370377,Female,Married
126703.13695998616,7,81.25661532678792,73.06517880956467,Male,Single
127595.26007446558,8,66.90796136244978,44.50003826725225,Male,Married
127067.61953919736,7,78.562410715632,83.55334031233323,Male,Single
125250.13810821078,8,69.52991789611879,76.23477884378389,Female,Single
170633.21604843577,9,18.310868900719107,32.823074963360874,Female,Married
48194.406205611944,6,14.943356263349624,28.739991872190295,Female,Married
74690.52511762909,10,43.55433548112149,35.75334212720562,Male,Divorced
51132.53512123489,7,22.821058527946153,30.63556373115382,Male,Single
66545.81783815785,9,34.31696325300109,41.20443876287629,Female,Single
84076.85689723073,10,42.23441940488011,53.76811536929881,Female,Married
67240.06304102326,11,48.0291005397453,54.82106662609391,Female,Divorced
134854.42496429762,7,72.12680226084134,71.17200357849036,Female,Married
94879.02782285048,12,80.40129495894942,73.8302298505652,Female,Single
72869.11538827224,10,43.987728446802564,55.17316180064747,Female,Married
120877.94191374033,8,81.26011373486979,75.36207285160579,Female,Divorced
120275.74473732749,7,83.99842561544205,71.76887337320026,Male,Single
133646.15727524424,7,76.49070844001797,64.1798770437282,Male,Single
106176.93083556446,14,83.41208880559441,72.16903649560525,Male,Divorced
178808.6695990525,9,31.05354435226227,53.68325548179729,Female,Married
41928.71725575873,6,10.173786635983816,-5.13306731396678,Female,Married
75676.48707203456,10,32.33414985229061,34.02373827996362,Male,Divorced
96714.07441875563,13,81.79322232163548,80.59265847748581,Male,Single
115112.63914947525,8,73.67325754816085,80.29058753340641,Female,Divorced
81616.76706232544,10,34.76674106013942,34.81975036517286,Male,Single
79964.66227273623,10,45.74734380238841,43.31990657274094,Male,Single
81818.49273827887,10,46.272593618197824,47.9127106107662,Female,Married
167928.25789140826,9,26.170270257616266,13.983112829937962,Male,Single
179527.5366873063,9,26.656645024281325,42.03019384228734,Female,Divorced
127967.88546279399,7,87.49430682847887,81.22948275278233,Male,Single
104938.55355259465,14,97.54488413671308,100.37273196941385,Female,Married
68407.79698263446,10,42.445747910087704,31.062318455514756,Male,Single
106816.86416888045,14,92.4329751923932,81.24072008803459,Male,Divorced
77239.63337047624,10,37.577097896643146,38.51222072165113,Female,Divorced
48663.185911784705,6,26.71487351913695,32.757992556462256,Male,Divorced
166864.91688017803,9,23.07958179643886,22.43507900912973,Female,Divorced
124759.81017083999,7,76.40273702228367,97.07800766231306,Male,Married
109237.0447416207,13,82.10966925011004,95.71660778883928,Male,Single
89985.17713353675,10,38.30791852517716,43.023799550555005,Female,Single
82208.143125659,11,40.11170267339882,32.13298823458955,Female,Divorced
179414.79113879157,8,22.738212479559916,34.24801290185469,Male,Married
176013.70688526862,9,28.695412876362084,36.656809529861505,Male,Single
114383.17467933551,13,90.17011385985353,90.56039696013828,Male,Divorced
99033.67813279033,13,71.7280572959988,78.23294574807444,Female,Married
77628.87931804784,10,50.56007678641468,31.465483488558135,Male,Married
47311.65644230996,5,11.713483161228169,12.711857357740636,Male,Divorced
82261.45573961479,10,39.02150098288678,46.75060856965464,Male,Married
184608.75197972776,9,21.855239755965034,28.78931326888592,Male,Married
70887.81810878239,10,29.467648775327646,27.445931053146783,Male,Divorced
121651.9371718152,7,65.14063144241211,71.86361392685099,Female,Single
53051.65366827377,6,23.96331124094257,34.79392624746033,Male,Married
173995.4321959477,10,21.74841693738903,30.794222643430665,Male,Married
97523.10828468321,14,95.5371689077703,120.67983687805508,Female,Single
135683.70323620216,7,72.76654110276169,76.27020518565978,Male,Single
103099.73118769757,13,87.9992975634232,72.1498906697903,Male,Divorced
52499.78845426107,6,20.78059884518258,17.71375100841799,Male,Married
177309.87705405918,9,29.001561353533965,27.12583279671798,Female,Married
97727.11277276782,13,83.55445629383503,51.13062130478801,Male,Single
54002.619280043924,6,11.136409531390825,2.2840790972485525,Male,Divorced
111708.56218274836,7,69.23221666960441,66.46594971142649,Female,Married
104696.42835866945,13,91.41757346396773,99.33484414220345,Female,Single
124581.71862820727,8,74.71467562686325,59.39717922308228,Male,Single
47146.143851386514,5,18.944657693554902,24.754156277556156,Male,Divorced
96357.00395244054,13,87.37280587936164,91.65458195707205,Female,Single
99342.90514983976,13,85.7937506033663,86.72518502637955,Female,Single
73417.15167578483,10,47.48714131114659,57.80171107804116,Male,Single
132453.95456343924,8,74.12644780287404,74.35879531150404,Female,Single
82798.90753726399,10,41.26492878930699,30.541463838392275,Male,Married
99933.69440328651,12,86.7506343525384,102.13962100588249,Male,Single
32120.88163860391,6,15.463168228267875,9.111449654817434,Female,Divorced
172884.98365827487,9,33.13238434749918,31.220826048875335,Male,Married
125035.54741404895,7,85.60206640156215,88.82350381971332,Male,Single
113434.18795115838,13,91.75851756970545,78.62155495164157,Male,Single
115619.96117203962,12,89.55346652748602,86.1181337693708,Male,Married
116114.17956255101,7,75.84103205916813,82.48427471216921,Female,Divorced
89854.8284093952,13,88.7205715477602,93.9056647393882,Female,Single
39538.330119669714,6,14.060856956319547,19.946453236778634,Female,Single
47242.26891890324,5,22.177738215593312,18.773308015315653,Female,Single
120903.07183810808,7,79.95538096941951,86.68398120269202,Male,Married
85265.1321735539,10,37.69171687565845,18.45770413421545,Female,Divorced
77409.1040215335,11,41.66476520331816,50.93478591335567,Female,Married
39339.08956515779,5,12.207664837095848,21.877531125601735,Female,Divorced
94606.45137871779,13,86.10368378792506,87.27689482497165,Female,Single
86699.61768384269,11,42.862293086172855,26.6119138437133,Female,Divorced
182332.0959418399,9,18.97208712457981,29.033529692354595,Female,Divorced
169856.56240210688,9,20.16072952861553,33.231912453587015,Female,Single
126337.31418525157,7,78.05543886200772,88.5954788574272,Female,Single
103624.18444849883,12,85.75737952709676,84.35966731923237,Female,Married
45706.74524513709,6,22.716670923789795,19.117321577435888,Female,Married
126669.38192339426,8,92.13435273708691,99.39071484265601,Female,Single
44825.71291741505,5,16.522532437601246,15.016689153983835,Female,Divorced
63178.51223476666,5,22.51831008136287,29.326768459035648,Male,Married
48572.383498274525,5,14.35981683610757,27.14376329630396,Female,Single
106060.33040182073,14,92.56453783210372,85.47810526086403,Female,Married
127252.21575230779,8,75.64532533019728,70.35752530347263,Male,Married
177261.80443254544,8,21.01447403424971,11.656134139219677,Female,Single
101141.14148973468,13,94.41504539420914,95.2921786236344,Female,Married
30000.0,5,10.615395619664987,10.517381647903902,Female,Single
55873.72781821707,5,27.94296301103443,18.237400839247982,Female,Divorced
99630.07018469057,13,86.63519186154898,77.00749417827774,Female,Married
108567.92729355869,14,86.07853630394658,83.54125431692228,Male,Divorced
75980.33010930681,10,40.88763202426878,27.6371864590419,Female,Divorced
173372.48748382815,9,30.47842259351984,31.454839524415846,Female,Divorced
125640.65972704122,8,85.22602962320677,83.06427417557592,Male,Married
125317.16586937239,8,80.8428012256603,59.68228375251762,Male,Married
121132.72841602234,9,72.41864837960458,69.55209713746805,Female,Divorced
132209.84005172682,8,68.20933296646243,64.93193493526653,Male,Married
78566.82197091967,10,34.562614074522216,39.07779164540182,Female,Divorced
37905.94135362077,5,5.6392524071969845,16.416731603167243,Male,Divorced
58779.63949491133,6,7.825699304398796,11.471150427512535,Male,Married
177072.26459153945,8,13.366467214574946,25.17784412817572,Male,Single
170696.35226941222,9,30.797552499013783,37.37208716154723,Male,Single
166356.16170850134,9,28.833516550612565,33.812310091004974,Male,Married
124072.36320312922,9,71.69032505956393,68.28756320884408,Female,Divorced
131538.731283691,8,82.85955942594637,81.48394570048231,Male,Divorced
103868.00584089232,13,89.14233545800374,111.26681549242497,Male,Divorced
115404.91675342711,8,78.24097735014179,85.82617824330352,Female,Divorced
179829.60704976192,10,30.153581464407473,32.483877045922426,Female,Married
179257.28520364812,9,21.858581057821965,25.898900924343287,Male,Divorced
123122.92466350587,8,70.94144973454064,61.24606056540825,Female,Married
171387.3210988469,10,27.61421796713972,23.58589631503322,Male,Married
179568.23854147704,9,21.015289177395527,-6.672278544409583,Female,Single
81634.60977579244,10,28.2383747865068,12.266593800270384,Male,Single
48061.699631423005,6,29.89965555181592,26.216969100662368,Female,Single
51188.84320755385,7,15.744324920179405,12.54689860496023,Female,Married
128272.66807431894,8,77.70591457578573,66.86324197990047,Male,Married
99649.31656578406,13,90.41289371437733,102.0167811219794,Male,Married
81420.02016474806,11,32.21279513981754,44.2922636212853,Female,Married
109300.7097285714,14,84.94198257314552,87.88198669568305,Male,Married
65978.89990671133,9,43.45082528202142,54.12361404054687,Female,Single
161592.54335002232,10,24.46025632760311,29.989367892511215,Female,Divorced
37872.66931214515,5,20.55693494221591,24.94504975753579,Female,Divorced
74978.49393661291,10,30.753760126018904,34.84672787723957,Male,Divorced
172878.6428970591,9,24.842738456618644,27.99591274366538,Male,Divorced
99583.611790592,13,88.55776253400606,102.41609948290919,Female,Divorced
178385.079546473,10,32.78634907792781,35.73739466940327,Male,Divorced
173539.0624989174,9,29.1203515107201,17.47076454536019,Female,Divorced
105406.84116894011,14,90.38692505696389,91.23003506881852,Female,Married
110782.84368639074,14,82.8706043692759,78.55442041037101,Male,Divorced
39638.737195197726,6,16.915925102219713,22.509031642050683,Male,Divorced
78598.46492146485,11,35.20152214330438,34.397615452327265,Female,Divorced
168242.00415506857,9,22.35776246873044,31.353841330597454,Male,Married
112243.68585755485,12,83.32906183847501,72.1003931479312,Female,Divorced
67161.21351993251,10,41.782270853598334,46.01229327564967,Female,Single
54383.69880811151,6,6.812989843212478,11.727039777615484,Male,Married
52476.03408889399,6,19.412414667911378,12.439264597660301,Female,Single
126976.04843081346,7,80.84660013523019,68.43351908789438,Male,Married
128749.21481294144,8,67.45743655917741,52.02588887368987,Male,Divorced
175734.74049264245,10,24.014898748104486,22.698429064279505,Male,Single
99239.37149722675,14,90.11403863659034,76.35673625204421,Female,Single
184309.4010758135,9,30.94060207490228,44.119573146184734,Female,Married
126666.79690556356,8,80.0582309947865,81.62092211242262,Male,Single
122138.25065357306,8,84.09507496636587,73.95279084337433,Female,Divorced
98128.43826304749,14,90.56729034830619,106.26989955034334,Male,Divorced
102438.37203651057,14,89.68983975869308,106.20295388769844,Female,Single
165138.8241035366,9,23.871046784097437,16.751575641172643,Female,Divorced
132896.0592254551,8,91.03829485889455,94.40359146317456,Male,Single
51482.16936403092,5,13.93010787105403,20.59796398792012,Female,Single
60737.920039431025,5,14.868896446688343,23.47985951975754,Male,Divorced
80666.18560138879,11,41.36989613329663,59.0896041665041,Female,Divorced
62584.31986898406,6,13.571770269986626,11.041292996842687,Female,Single
132415.09801262425,8,72.71556140364333,69.86412679029881,Female,Single
124476.69854144864,8,77.88180660235625,80.5726883194257,Female,Divorced
55823.87087964195,5,15.472527156394257,29.957649431029616,Male,Divorced
74942.82465719002,10,46.0283032531003,37.22902977196038,Female,Single
41488.84890115567,6,19.28756217828197,13.822401346494418,Male,Married
76249.08642204176,11,32.20458485120842,32.43402810244018,Male,Single
137641.51357984386,7,85.4148123701824,87.21468943004372,Female,Divorced
71163.5654882468,11,40.802710805758956,42.964313787303524,Male,Single
50341.563394352925,6,11.922181152566715,8.706265258278023,Female,Single
130687.51393713038,8,65.27055175031448,78.75285545947499,Female,Single
173349.68801822574,10,30.017711239681336,16.69944854042321,Male,Married
175095.20599682085,8,36.68673528672251,45.445167254783144,Female,Married
124999.8241632842,8,87.21807723227026,76.96294965092024,Male,Single
170769.1296529704,10,18.741290884864362,28.15712343514612,Male,Married
104958.7661620928,13,78.26247401083387,77.45394826588465,Female,Married
44157.402326612166,6,13.11884741547378,4.719410737692002,Female,Divorced
106630.47420553924,13,99.21430070966517,117.30635524928732,Female,Divorced
72985.17177019015,10,34.4746691725673,29.748103127320597,Male,Single
177599.74515955368,9,27.05327927931074,29.37184939061766,Female,Divorced
99181.55259522898,13,84.77459498953573,93.34320718213257,Female,Married
71828.75069860587,10,45.15944381055085,43.78083405787911,Male,Single
97164.87344953878,12,84.30674945760674,95.05634316856883,Female,Single
84063.89576999759,10,32.05206281522441,43.146331404519664,Female,Divorced
53168.268470733325,6,23.51356246383104,22.738222563212293,Female,Divorced
103282.41170312758,13,83.87295641418594,86.3306785345658,Female,Single
128997.78380984403,8,74.16571197191655,76.24871588042046,Female,Divorced
132235.4917188016,8,85.16701157731569,70.37906167705098,Male,Single
126513.86934893,8,82.47233552363264,85.80947130537322,Male,Single
189424.63387161097,9,19.636281933647975,25.251169188234627,Male,Single
69729.51800174222,10,38.32638177172182,45.71323790535704,Male,Divorced
107963.83422521967,13,82.53042678337488,74.10931879959132,Female,Divorced
170573.914677027,8,19.520521151046303,18.33764694670305,Female,Single
104851.02226675591,14,87.02348744927096,96.7510581406694,Male,Divorced
175407.1618297207,9,25.910497028381354,31.72949095320309,Male,Single
173958.60794308622,10,22.22058258485147,28.724731989373918,Female,Divorced
122628.09868556466,8,82.99310892808433,68.58820291859016,Female,Married
132937.70819184382,7,71.23017915695229,63.75884948514844,Female,Divorced
70225.30507953242,10,39.862213724716085,34.88189213714438,Female,Single
48784.90133573197,6,12.198285539066884,5.383371346919283,Male,Divorced
124042.35043189675,7,77.71373552510856,72.34487375408091,Female,Divorced
119694.84330777623,8,67.77089538611449,80.5213651610429,Female,Single
74653.70085187828,10,31.648536629135787,19.549793208439922,Female,Married
81597.49493208266,10,36.84777173718015,41.10584551943223,Female,Single
101837.08853022044,13,96.56415063901127,95.53811462853086,Male,Single
115778.60870073464,8,75.58064535497425,76.93178629696729,Female,Divorced
66609.4390349682,10,43.411132057665995,55.84228689046799,Female,Married
106638.30638712528,13,94.69762573947901,98.06738440331688,Male,Single
40566.11622838731,5,17.247127751888158,24.688873013611456,Male,Divorced
171633.0362031798,10,26.981539916087215,53.137558232117954,Male,Single
175024.76986108394,8,29.053342053087498,22.399425852385473,Female,Single
168512.61377560132,9,20.512045878234765,39.72760820899006,Female,Married
104932.42771754561,13,94.5040703241888,94.35240707630636,Male,Married
53731.3600952018,7,12.604368882802092,8.182635717327877,Female,Married
101089.57463169718,13,86.4798533431698,88.653119339547,Male,Divorced
183785.2109676693,9,27.955070110548764,28.15506184407908,Male,Divorced
74265.64096100327,9,30.35176494855994,24.48025643675676,Female,Single
178801.05794053557,9,25.245264654429953,21.601255778628307,Female,Married
100477.63798983493,14,87.09724572249658,73.4370936905447,Male,Married
165181.71353963998,10,23.204978258137736,19.2324394378197,Male,Married
35195.98740708041,6,20.71825605502737,29.261252906178818,Male,Single
172733.7467853446,9,12.93275744110801,17.344725657230786,Male,Single
116908.52172267585,8,73.32700859438306,62.76081872656664,Male,Single
101819.65807431337,13,86.62001590151732,87.65028015994072,Male,Single
179250.0548527569,9,23.1878684585962,41.325021308288505,Female,Married
48629.628364717915,5,18.672244233495856,33.05380716918458,Male,Single
59188.935405481854,5,23.797067994397466,25.031591352630485,Male,Single
71831.88276248818,10,37.815861230438564,46.998713171309234,Male,Divorced
123583.59450435435,8,84.20611064434377,86.1365902479411,Male,Single
190445.48572664027,10,22.769739847822102,20.815260746853564,Female,Single
173525.40035024835,9,27.671630828939577,23.24570665234072,Female,Single
111250.59377964454,7,75.34059437857644,73.67935329004439,Male,Divorced
133697.01393723415,8,68.95989051551703,62.14984895087978,Female,Married
118325.04226916676,7,74.78884989423433,68.28955273806542,Female,Divorced
96672.94805960964,14,98.96064712983005,103.2059134258122,Female,Divorced
77520.75500155745,11,41.241430301550224,49.85895607275551,Male,Divorced
170977.7028959731,10,22.77747453608426,24.093900983535672,Male,Single
130906.02010790017,7,75.50205407644712,67.27368717294331,Male,Single
106722.43603616512,13,74.23223717116696,84.36692521594122,Female,Divorced
106486.41229366556,12,91.3055450466446,96.56590611367855,Male,Divorced
77377.40307847183,10,44.73875427632364,27.53680083848843,Female,Married
46007.47730225243,5,26.561702394447437,24.049536506354055,Female,Single
66598.1384990461,9,35.70050789333057,37.456425972736,Female,Divorced
124159.43668726747,8,83.77889142130329,87.86811165673636,Female,Divorced
63001.53372985703,6,27.094425453822108,12.619582674087857,Male,Single
44073.765536994135,6,10.328944561508308,-0.7795877597523138,Female,Divorced
58967.632240115854,7,20.884184450648146,45.044104887766785,Female,Married
94027.69284002963,11,40.80664376501906,51.71773684836262,Male,Single
116759.14069829138,8,76.48191218707193,77.09121039579671,Male,Married
71669.95062872276,11,44.87789911623366,54.668533999317695,Male,Divorced
183088.43046250104,9,22.76807515067073,26.099109930540287,Male,Married
130229.1545884618,7,62.815200773131444,68.9316003974781,Male,Married
62481.646625978065,10,33.445199701592664,31.993988209953564,Female,Single
35687.81917376269,5,13.725457922207106,35.85990698498733,Male,Married
81490.30652245205,11,43.51038145495073,51.288592027158174,Female,Divorced
85328.55126397914,11,43.0518729957415,47.25773201891157,Female,Single
37931.95817015965,7,15.745818119397548,-0.6966439765185832,Female,Married
167590.9474396904,10,17.55243566541715,22.072335815260878,Male,Married
87598.35953280848,13,89.08892629286738,91.96727090912518,Female,Single
39900.94510467726,7,9.423220709074386,1.9257719025888136,Male,Divorced
104488.78295822762,13,91.78261908028836,87.13124656389854,Female,Divorced
47536.81591794692,6,13.369444379497082,24.479191405753134,Female,Married
54250.08017024924,6,17.23952150608715,26.73180045107502,Female,Married
170380.96687615555,9,28.005152319966637,30.68283019864877,Male,Married
135919.60449979547,8,72.66882401462236,52.410622038170416,Female,Divorced
76063.02691164918,11,34.53972176819853,23.191074054263517,Female,Single
49515.82636828156,6,22.875930061417417,6.883462267827134,Female,Married
60256.76731203673,6,14.723714397460402,3.6790369454683596,Male,Married
135628.80526227638,8,72.76078598564436,68.32962800857715,Female,Married
106699.94425096476,13,87.56066053295434,82.7613612909185,Female,Divorced
93965.21848886153,13,86.60318187184728,98.14435756140513,Male,Married
132682.3720253921,8,75.1571630325698,81.66470640477844,Female,Single
80810.24767379032,10,31.347985354410163,19.462215833662732,Female,Single
127303.03804898346,8,62.78902544846645,61.577660662175994,Female,Married
176651.7534873375,9,22.99930478401755,14.55058217707982,Female,Married
121905.07373813649,9,76.9583422142396,63.71161970508082,Female,Divorced
126501.40706310263,8,65.71724219194762,74.54065498301931,Female,Married
105663.79657749063,13,94.3578253634382,101.88410932928538,Female,Single
53535.21996860057,6,22.36095237261712,16.972956482485635,Female,Divorced
95907.22245607413,12,82.22110322061229,93.43166928925618,Male,Divorced
60554.351599017056,6,15.779003056367017,20.230053785784847,Male,Divorced
134255.99513374595,8,78.73820491205095,51.36847032232085,Female,Married
48952.795184262475,6,0.0,-17.11090053950329,Female,Married
118380.67164144275,8,80.04093540969743,97.41444338524424,Male,Married
82537.41635104104,10,46.90339703040016,43.38716628290982,Female,Married
66494.33445959042,10,43.80182453354632,43.12914778725086,Female,Single
102107.84931715256,13,96.21057101221845,104.1478506323993,Female,Married
187095.82408649416,10,27.864811389919062,31.32595033861452,Female,Single
55602.094972673294,6,1.5654147024589307,6.40369844024236,Male,Single
167981.71764950838,9,16.517405088247994,31.274954250856158,Female,Single
163163.97852541396,10,32.329624669429464,37.16465886615062,Female,Single
83612.3485218296,11,39.258128941096345,44.65604193553386,Male,Single
123745.7422864379,8,68.44490654100534,62.64966522314233,Female,Single
85116.63262640657,10,34.25838366810591,26.67712697977344,Male,Single
74695.10940140024,10,35.60952717992028,31.904999022548864,Female,Single
124054.08375206812,7,78.53465809536291,76.22298013631394,Male,Divorced
55531.26404772846,7,25.00393086073592,10.86234809033851,Male,Married
56714.27257109174,5,21.24418622844255,22.377254189636503,Male,Divorced
55617.22334669212,6,16.945119598191003,18.25325220971321,Male,Married
110219.45398355777,13,81.56335969271768,78.11689074021488,Female,Married
81328.03833963399,10,40.195082408305325,44.57653801207233,Male,Divorced
98622.8626395514,13,85.70660119677065,93.5288949487639,Female,Married
171781.59443131607,9,24.518098748261604,28.064061408952654,Female,Single
172027.8368736756,9,24.29459112435425,28.959813665989884,Female,Single
70307.3044532142,10,39.68197502811585,53.429558702315504,Female,Divorced
80035.18145800088,11,40.14814365628726,29.710182434566285,Male,Married
170064.50480088024,8,20.083960793115374,-1.4204687667096927,Male,Married
97989.06866138415,13,96.13935171903736,102.69969386792516,Male,Married
137003.41669673627,8,67.02207042348157,68.13973366447199,Male,Single
184141.12755304837,10,30.432653399608515,31.888971751539447,Female,Single
191546.91581212677,9,22.481054138958072,2.7579622961316552,Male,Married
69062.64412077003,10,44.91114371731062,52.34290198538875,Female,Single
42439.1414870068,7,18.016911028306613,11.047344359285582,Male,Married
111794.48701506117,14,90.13969435212725,86.71837916332946,Female,Single
174474.08719646948,9,27.221904525501788,21.043221335262693,Female,Married
105512.02431386674,12,93.58097061844146,92.31192967226244,Male,Divorced
63910.57033167729,6,19.71621775313418,19.472134726697316,Female,Married
75269.95073704378,10,51.6312849352974,48.9645384304147,Female,Divorced
175608.83502907745,9,27.845076823105977,25.399677274410614,Female,Single
134122.01181985482,8,88.23964853996979,90.28819707714659,Male,Married
78666.63855644992,10,26.144771024964243,19.10516008576059,Male,Divorced
132195.2150628515,8,71.06163029833202,73.67358392193431,Female,Single
179286.01246382965,10,20.58366219905981,18.844868872533738,Female,Married
72159.64087032783,10,35.783094116937754,15.087753589186562,Female,Divorced
66300.27321064226,10,36.894930386425216,45.87279221475184,Female,Married
81082.30133393747,11,30.90852408268522,46.8425763595858,Female,Married
110576.6207258961,13,88.88408589843502,99.37033287836783,Female,Married
128784.30108197826,8,69.67633017036759,59.12785833808493,Male,Single
123850.46844064668,8,69.51287110101192,73.64558828894543,Female,Divorced
52280.904269243096,6,21.329686402961233,24.676360092255116,Female,Married
72978.3943113878,11,35.92713953227282,18.964782111409136,Female,Divorced
170424.44387341855,9,20.618715975737445,24.42653884794502,Female,Single
124860.38068880381,8,75.70004341103248,83.02498773815161,Male,Single
79268.99066203187,10,29.01385922061744,30.5005639545627,Male,Divorced
98693.9371124985,15,80.57014441716319,70.08463682451372,Female,Married
85927.8668086399,11,40.195104567229336,21.435736174809655,Female,Single
97216.78642214455,14,88.40560615081354,75.4007878574525,Male,Single
109143.91543126821,13,87.93319240382192,91.27034317690085,Female,Divorced
97066.62173700592,14,90.45587441386755,104.85881123173567,Male,Divorced
103706.76132311359,13,80.02121312569274,68.0990567519952,Male,Divorced
131104.88410979015,8,79.76352486557761,82.96184217151324,Male,Divorced
56696.72043286086,6,9.06827113220006,2.8817010252265876,Female,Single
128451.85415924375,8,82.09560554896183,86.67449829021385,Female,Divorced
183965.59648191603,9,29.607914094888976,15.57412702641342,Female,Married
52968.53824475552,6,22.408134156363168,18.925299400851976,Female,Married
86561.55101222558,10,39.98385884627338,31.634464352216902,Male,Single
130342.45427081408,8,71.65547073296132,70.42358549533623,Female,Married
77693.75499677961,10,36.51220481158863,37.14991265429014,Male,Single
65198.88533389114,10,41.94396914034987,51.35733241783677,Female,Single
48205.79956668994,6,20.02760493004132,15.227562984119121,Male,Divorced
74224.31310714403,10,39.11406872422901,40.74306775801308,Female,Divorced
122701.7797720114,7,75.8221558742306,81.98432187494407,Female,Married
122990.95632434466,7,71.6546149064846,58.216777340018595,Male,Single
100118.20851327454,14,82.80169643974817,76.02762508884302,Male,Married
45150.71804556866,6,19.612474173445783,47.044473247638976,Female,Married
114203.23745349763,14,87.94143661789475,104.0262225982416,Male,Divorced
44981.58677136623,6,21.30912942773384,36.356540294472055,Female,Single
183469.93622000137,10,13.079117379684131,0.8742049674675556,Female,Single
163518.9677457945,10,26.2250813951654,23.257482309136453,Male,Single
179074.52028388268,8,21.003011861415985,12.973108274207561,Male,Divorced
131177.83901841604,8,83.06163179653025,73.32722499729167,Male,Divorced
128773.48688196666,8,75.81995699049605,67.62686734977206,Female,Married
131314.42686421887,8,78.06736125820089,74.58004987868361,Male,Married
93487.7990548541,13,88.12067733821048,83.58881165932542,Male,Single
131057.4079603017,8,89.15734765545167,86.27488347638403,Male,Single
80162.29525999457,11,38.60783418591595,29.344617699918377,Female,Married
123782.86708878912,8,73.8060324514341,57.29389825985314,Female,Married
107085.11648430313,13,86.68672938386538,93.03114426470567,Male,Married
97620.14106902585,14,96.52982712942625,99.59472904888774,Female,Married
61845.402126006884,6,19.15943813642867,26.79525716625865,Female,Single
133301.41288283444,8,72.99112934400627,60.320755501606826,Male,Single
175599.02254076983,9,26.304853711631345,19.70360097182649,Male,Single
164401.8677564697,10,23.7285651529806,29.840800565331065,Female,Married
172110.81474383487,9,17.8652055255642,26.14852392189259,Male,Married
172211.2163415433,10,20.73899002513668,38.70561850759437,Female,Single
138318.68093280998,9,66.83081617218592,90.95747124277393,Female,Single
177988.74997802763,9,23.4664635224579,27.599104079045524,Female,Single
101932.04357760328,13,94.63299812932291,98.32376855222456,Male,Single
83008.18022766641,10,39.47544418287629,40.302994853096266,Male,Divorced
181974.22614002042,9,19.674623089437425,35.784517443546875,Female,Divorced
94758.61553094072,14,90.0990479514666,86.86793975633569,Female,Single
50285.728370627956,6,18.986212510166432,32.71724479469087,Female,Divorced
160102.8781637813,10,23.26720541736035,28.495099861892573,Female,Divorced
105461.01238153546,14,88.33268524302915,85.73793374464366,Male,Divorced
101868.38205070028,13,85.46234516270916,98.20141177636089,Male,Single
174739.2864079642,9,24.452053674789976,21.861253321034468,Male,Single
73060.80724375724,11,36.782312346243486,31.052814186032066,Female,Married
102601.89657972514,14,73.62648850857225,59.9374007007972,Female,Married
129374.71907511979,8,86.58347140114495,95.17953106679299,Male,Married
61443.91990571888,5,11.864796761526833,-2.5093989360718894,Male,Single
53196.972766175415,6,19.099033105628912,31.02616688478107,Male,Divorced
125751.55311064469,8,57.45922152660365,48.49718684157187,Female,Married
68884.05283729479,11,49.731001357852,31.528322664469357,Female,Divorced
127886.77357095924,9,72.65962821603432,78.70062331742321,Male,Single
166714.46021707103,9,37.82492516677597,35.02265018595176,Male,Divorced
75302.67458365335,11,44.533417151588615,35.07483499081382,Female,Single
77301.73105999759,10,38.34244921778041,33.04338458357826,Female,Single
128156.63108383983,8,82.97736234385687,85.9635364425162,Male,Divorced
124628.12042686956,8,77.93535469056911,67.77264344592243,Female,Divorced
176151.0159361813,8,22.463275277909506,23.56862794334554,Female,Divorced
50577.545978364,6,11.064629615604034,20.884138041228333,Male,Divorced
46063.22738450277,6,17.718931510909062,23.571974145482567,Female,Single
45427.441043863044,6,13.506748926552117,12.382778120568974,Male,Single
168792.8861156725,9,17.62366425733554,18.788792488401533,Female,Divorced
87851.34713194123,10,36.80908902904746,42.83656693279326,Male,Married
44560.022352814645,5,19.48529213344909,21.291670515553367,Female,Divorced
128942.78628915038,7,78.26778124138036,75.39299284649161,Female,Single
81520.90996033383,11,43.32116530992232,33.343822071808475,Female,Single
119544.98753679542,8,80.50510336505967,75.50636980330127,Male,Divorced
127485.04515050916,8,70.63619211084092,60.09287735065151,Female,Single
72645.36746155575,10,34.786144627503475,29.868205159941027,Female,Divorced
97458.86727612377,13,86.89700757824585,79.60320015919726,Female,Married
60889.20004016513,6,16.823279577948167,21.467236176659668,Male,Married
128602.401617823,8,77.84397185649013,77.86128930059462,Female,Single
40156.6009634955,7,16.392438608873004,10.313267575246854,Female,Single
134527.01183166218,7,84.1225279313768,82.74822993307545,Male,Single
128294.13597153086,8,81.59821870015952,86.85600316222798,Female,Divorced
170163.71085638355,10,25.900348516516523,22.825859457271264,Male,Married
104782.59964216908,13,96.66427931660245,96.97722326517264,Male,Single
97950.22050910986,13,82.15851557035876,85.37094777805387,Female,Divorced
66329.23928624974,5,19.45036800887518,17.935717173499963,Male,Married
82029.43672300322,10,33.53858701183766,22.904257575328476,Female,Married
48210.1144081715,5,12.987688432041217,21.18491788693638,Female,Single
76364.53782183462,10,37.484163384228395,35.62254543054579,Female,Single
83047.04480912398,10,41.55601311874915,24.73731298576787,Female,Divorced
51791.99047383435,6,13.264125367563224,13.430186050437706,Female,Married
122619.59606461927,14,95.05079930174762,111.20655736792766,Male,Married
47840.45521805328,6,17.21096530277144,35.76998945418596,Female,Single
79213.25034332712,9,36.27593655624327,38.253009167354215,Male,Married
129786.68360908095,7,74.85009560618398,79.32715036453875,Male,Married
96140.45109410724,14,86.76062405962298,93.90110733168696,Male,Married
173321.2572232042,9,28.12836769058527,30.12264142602848,Female,Divorced
65704.365357212,5,14.862102760822133,14.578784100234953,Male,Divorced
71816.61851268473,10,43.32944996713354,52.83490196488313,Female,Single
115543.84880803135,7,82.1885523681143,82.77530814906025,Male,Married
78639.33001523356,11,37.80453726497002,42.64132703809519,Male,Single
175959.3248831655,9,26.78564593345837,36.46440121534907,Male,Single
120537.02224335133,7,75.49224800436588,82.08896932644927,Male,Single
99477.9237360861,13,88.69179577087299,92.13004341710969,Female,Single
126476.27995274361,8,81.32264303164168,81.77272102844888,Male,Divorced
81083.18140467696,9,38.03772911851039,42.870916254616915,Male,Single
99965.68793896202,13,83.81343148671365,83.72186663816946,Male,Married
41814.928632231255,6,13.340163377784354,5.257205356801416,Male,Married
115201.2035952334,9,68.68179166903737,60.776827510440995,Female,Divorced
173685.98284089577,8,25.171087617626842,27.949812490891212,Male,Married
169241.61083787685,9,28.58575359570266,21.91516804986974,Female,Single
67272.27369132219,11,39.632096171760544,28.641835756427803,Male,Divorced
127220.4306527825,7,80.45783422710758,69.27208183858197,Male,Married
59962.244888628295,6,14.073478589392089,3.5262568556887537,Female,Divorced
118467.36093341268,8,73.47696562371203,79.84530499205094,Female,Single
84368.3637534304,10,40.39833310238402,34.5916453040853,Male,Married
70187.05887828479,10,32.53459608838988,37.648332830125696,Female,Married
100148.69226243449,14,78.37178105831222,87.80399474771862,Female,Divorced
175550.22773685196,9,22.806953548261525,23.28811946050642,Female,Divorced
182061.6124817952,9,22.798136327201387,27.473918007721586,Female,Divorced
92133.73866792495,14,87.97898284393968,100.3272287811707,Female,Married
84903.84101752777,10,53.20550282950076,50.45878377312637,Female,Single
46129.51570757388,7,12.569115428629953,3.3003559510420537,Female,Divorced
88983.05391864521,11,43.439119995798414,41.76347810731312,Male,Married
58619.34103359408,5,18.73250389501157,7.514092734282659,Male,Divorced
126315.43377632141,8,68.20388533293625,71.51732111741609,Male,Married
130754.70098277167,7,70.79515216868646,73.54886792760203,Male,Divorced
84857.66755902373,10,38.09682543472943,59.212753448807845,Female,Divorced
94776.36751851764,13,87.86377087746368,73.4735085050869,Female,Married
46438.49651040223,6,12.444606730033172,11.703596032384482,Male,Divorced
131926.67890035527,8,76.75298727009252,81.04025106302774,Male,Married
50901.1060581921,6,24.18688597003075,20.699544514151995,Male,Divorced
54942.24287178484,7,17.082081670848023,21.9608545943921,Female,Married
119877.91308237021,6,74.20053110681278,84.97994355592938,Female,Married
133358.3012561515,8,68.86475601803623,70.4009646841595,Male,Married
117676.32620258076,14,89.952706631365,94.6909014812925,Male,Married
35082.78359530942,5,15.839550244191578,7.045881705634471,Male,Single
91338.79172332402,13,91.84043486547246,104.9707601122989,Male,Divorced
70737.64443478659,10,45.52453567591743,44.27651119410601,Male,Divorced
174620.10140664288,8,23.34163297391487,16.709536801261265,Male,Married
43929.11467356932,6,13.52327390397971,2.9047367408821376,Male,Single
58896.50901979699,10,27.628851880133382,14.203810902923188,Female,Married
94914.22760513789,13,85.46399975948904,92.93792258123027,Male,Single
168517.99274291785,9,18.852705041591346,25.79567003177254,Male,Divorced
130186.07194668372,8,80.00652194212611,102.26380584101675,Female,Single
55236.045304708096,5,30.033579463908474,33.21398079625938,Male,Divorced
122110.19462619009,8,78.80040009752213,79.09236776993048,Male,Divorced
181431.68674788869,8,29.34764021268979,15.955418313965062,Male,Divorced
68066.70621487166,10,44.329481998801896,58.63674707806605,Female,Married
170094.24262105612,9,27.62024171425628,42.33092162861623,Male,Married
96172.43510683157,13,85.47898325909216,89.42504508630093,Male,Married
65973.04401629479,11,39.08825738051752,30.27927406370593,Male,Married
174663.995004802,9,26.18367215775128,21.27670624479393,Female,Divorced
126629.6865227354,8,74.60145080939967,62.196392945105245,Female,Divorced
124902.69120827451,8,71.05856470695036,71.6957329548462,Female,Single
54786.711849127234,6,21.820324451503776,31.38937921676971,Female,Single
166045.68396178872,9,27.114814917085933,27.852432503985437,Female,Divorced
180668.87680254586,9,18.83903105820745,15.343164610549636,Male,Divorced
100722.83866637594,14,92.9545358736668,100.54535829662368,Female,Divorced
104925.62172929851,13,85.6439392881696,91.01499653883502,Male,Divorced
84768.64556759775,11,39.05000114570368,34.91060854716092,Female,Divorced
87585.4894615724,14,85.86728323502072,79.01545776256508,Female,Divorced
125919.9187313976,9,73.79699411082503,69.5266978848949,Male,Single
95464.42182599775,14,91.89433641274395,89.29422796876382,Male,Single
89570.51316836284,10,35.88301652134583,48.516254247540346,Male,Divorced
167975.0663105387,9,19.903526245188154,18.43755663283226,Male,Divorced
50855.95356159255,7,27.223575512181526,32.04916240204811,Male,Single
123331.29284681333,8,74.02077655117478,69.69816558332163,Male,Single
100367.92640490379,13,91.71440947276571,86.69583698428399,Female,Married
105921.38981616823,13,85.84983911539715,89.11680139022724,Female,Single
165351.52016637463,9,31.19142675025378,46.0005166024183,Male,Married
124242.35239019757,7,75.03582520082024,90.30679985358174,Female,Married
102338.55010256721,13,80.67123703434385,80.85702973294651,Male,Divorced
98528.28065760007,13,89.32007842063749,87.57258187354887,Male,Divorced
104642.71667530402,13,92.06308819509374,72.26715683032407,Male,Single
75326.53355122347,10,47.39769134491451,38.400390378334734,Female,Divorced
56256.08094027891,6,9.677156367774117,34.37797691588436,Female,Married
174956.71207316834,9,29.047093068147802,19.691694536516042,Female,Married
76814.74496671457,11,50.40811267306042,50.10714564875613,Female,Married
55146.63610949565,6,17.660531386514304,6.382191989664589,Male,Married
171135.97151875673,9,22.46578156080241,26.427605909690328,Male,Married
123035.74989043873,8,76.09964096163606,67.30611450037995,Male,Single
80005.95070624368,11,30.236078060152387,22.809143349094036,Male,Divorced
175692.51064818088,9,36.25033764190671,46.45104137295357,Male,Single
114778.13023484746,13,92.1180332590958,101.17617258508629,Female,Married
54563.570934068746,6,19.32801512487153,16.85852865539824,Female,Married
108033.63403871951,13,83.6691512599206,88.29654493238287,Female,Divorced
79844.93226424037,9,31.807834257257383,40.74678615446286,Female,Single
93512.21305728523,13,87.89019790183593,78.36340595883271,Male,Single
130313.32848264617,9,75.38185066840121,83.04600029939301,Female,Divorced
111356.27146496892,12,85.51341662523248,73.63268339525189,Female,Divorced
179222.5965046735,8,27.73646690546528,19.345009656984452,Female,Divorced
106140.02057704345,13,84.36331582088286,96.37351661370838,Male,Divorced
178215.9776622307,10,26.461281193776983,25.541833337526374,Female,Married
49293.716736003604,5,10.2748212088214,6.1626791782751775,Male,Single
119428.3201437578,8,75.25855878379451,76.07967236432086,Male,Married
74600.69779465905,10,36.47485722824949,27.523236381998917,Male,Single
68599.91930704363,11,38.36789518076877,49.043110204121376,Male,Single
125029.80896882113,8,68.22438560733112,72.98152678527376,Female,Divorced
167792.96817734645,10,26.18026514369502,23.958213010022035,Female,Divorced
170817.14368205343,9,24.593590199306743,16.791722584413012,Female,Single
180089.54188540706,9,18.84868616251327,7.607610703729266,Female,Divorced
56181.30723347453,7,20.835103604367834,28.777048449717626,Male,Single
165609.63443123127,10,38.11846511016421,27.312820767802144,Female,Married
112533.10469259387,12,95.34111540504648,96.01159858604183,Female,Single
97080.64782398661,13,83.8223213796199,75.25194219322633,Female,Single
172962.30699223556,9,26.343356425755964,19.954085943409286,Male,Divorced
123201.14277079364,8,76.93834431069268,61.67393881551851,Female,Single
74204.9350653321,12,37.583950735350825,34.491792908567405,Female,Married
75951.05018598781,10,44.67496140406564,44.704309627890396,Female,Married
122803.64550759287,7,77.78386277771278,77.04030702230565,Female,Single
130545.80132794606,8,71.8446076096051,71.87706159966007,Female,Married
78076.99781848674,9,34.281665329644916,39.66017191718556,Female,Single
101702.29152495737,12,81.85198430363052,86.2598268796782,Female,Single
97726.79185790957,13,84.73282685724006,81.41869144468524,Male,Married
128536.11902282477,8,77.7299749952127,72.69646146909756,Male,Married
132690.46999962142,8,80.1729151414056,92.33885321423382,Female,Married
112412.25350709898,13,91.67237778940347,101.75096958714177,Male,Married
69560.32161911631,11,39.009306203943176,37.43535846901029,Female,Married
172713.0938190674,9,35.46872926792958,41.430950385923296,Male,Single
177249.845333266,9,26.13753438315853,28.886369580254026,Male,Divorced
34623.18077131393,6,16.204041553002394,13.396932375036354,Female,Single
176369.32320337856,9,32.46559466898394,25.81581204555446,Male,Divorced
173733.67319841194,9,18.141146440456406,19.368949161939863,Male,Single
50517.54117424554,6,14.527701378773461,33.10768257386903,Female,Divorced
167215.17833463286,9,29.81736431872699,33.49392372622459,Male,Divorced
62485.4559871278,6,10.455247316928094,17.919192534343512,Female,Married
41021.50025824322,5,20.492854162902955,8.518652989918648,Male,Divorced
179987.79409669497,9,26.564799076825253,28.04914143536898,Male,Single
83546.62674276704,12,46.32393798824288,42.7247472199338,Female,Single
98064.04160183217,13,86.83378874455599,84.13629099037435,Female,Single
168226.21731788124,10,23.393075094641457,17.524032047404557,Female,Single
43719.67904057319,6,21.439260536683356,20.8319481221481,Female,Divorced
96479.79072694632,13,94.5855419660125,93.4196172208604,Male,Married
70341.75065802876,11,50.48213817703425,48.284654886646294,Female,Divorced
79020.99383164979,10,43.78796251477606,35.8496660675632,Female,Single
180713.11126167694,9,30.249290413605536,26.85629282718953,Female,Divorced
175709.55266149473,9,21.498318891458577,22.57064719574179,Male,Married
106404.89032371614,13,84.79458795082203,98.45756833210172,Male,Single
52711.352306914836,6,26.329672960778794,3.997473435349672,Male,Single
96680.66234766472,14,87.18611518411062,83.49589120701688,Male,Married
72476.53400435293,9,42.76232788161581,48.11857546587758,Female,Single
100704.04444814356,13,94.7441065992279,85.01419970895972,Male,Single
181859.90883900193,9,32.306696213469614,29.451023464752215,Male,Divorced
91631.30424062832,13,79.11332343458719,84.16846702314898,Female,Divorced
104895.27962885913,13,84.62945435130548,86.21463948902642,Female,Single
108208.66713845581,12,80.32085915719327,85.94174046419856,Male,Divorced
128839.02288817204,8,75.73299638438607,72.17031923669806,Male,Divorced
179734.2603214361,9,27.57096239254164,30.59520191520246,Female,Single
126556.80000666498,8,72.28012575422949,82.73041538546968,Male,Married
126975.98469990616,7,75.74047345541447,73.37448195359958,Female,Single
46296.79575284597,5,20.398410250261836,23.113250601616798,Male,Divorced
100112.67665676921,13,88.85602417021687,94.05334473992338,Female,Single
123149.36390256086,9,76.78325186150633,90.27517073466133,Male,Divorced
164126.11879726354,9,23.98383083722154,19.517587187340055,Male,Single
80447.11792112328,11,45.179858335266516,39.8515545257551,Female,Single
157337.8297033677,9,13.897524399930976,19.956502418239637,Female,Single
113541.73361103365,7,76.43486907986835,80.62674551545628,Male,Single
74635.7741126389,10,39.049755510207454,35.84683771226101,Male,Divorced
95275.36982548551,13,83.33493078247866,74.44142538269254,Female,Single
100259.19490827166,12,97.2567168416976,101.92621591370252,Female,Divorced
45016.1608701013,7,22.704851322193957,10.276682944250233,Female,Divorced
72542.30574640444,9,52.26735425172239,63.5082880798979,Female,Divorced
110559.83231759342,13,83.039538583954,87.90317079417245,Male,Divorced
94756.65983335418,12,92.71351960997214,85.98893478460462,Female,Single
131950.50124328586,7,63.71631266038648,65.93998452155519,Male,Single
127354.85721340461,8,70.14546669753702,75.04003530126515,Male,Single
172827.0866343572,9,29.790153715268286,28.32760042890383,Female,Married
43682.7067477448,6,9.54549756853563,25.758620602201848,Female,Single
175478.74928236078,9,21.530907213904893,8.900092546629752,Female,Divorced
74143.46099953895,11,29.909988585369355,11.460424208761747,Female,Single
109563.74553830332,13,84.49971372620021,94.07659934637682,Female,Divorced
60431.64477431978,6,12.66242721061597,18.332223241773498,Female,Married
46445.64268234714,5,14.635561086537546,-0.4235576194957744,Female,Divorced
49022.97161199279,6,4.555031978370337,-6.626358693993295,Female,Married
100191.75953121878,12,88.69160976724572,100.07336988284534,Female,Single
40621.24084018254,6,16.96119455371434,18.846509851610964,Male,Single
58267.5807334058,7,16.32798664646199,25.02042971441921,Male,Married
124875.95093182851,7,72.81830660594703,66.85689735739024,Female,Single
127621.84220772455,7,77.13597636677655,88.49037341534698,Female,Divorced
127779.90267160372,8,73.10742167625074,87.12548427163104,Male,Divorced
50245.07789090723,7,13.02901541228859,15.868556821871477,Female,Divorced
108501.88973807247,13,85.12905481300926,100.36883817093326,Female,Single
114503.02901717249,7,86.7697184424724,103.82985577482012,Female,Married
128141.77306239202,8,71.9782182694134,66.5599721200732,Female,Divorced
48884.247682738795,5,20.637954510771014,24.350506170973006,Male,Divorced
47897.978317833156,6,15.64336801950368,24.988574664989674,Male,Single
83200.93663266883,10,38.830960532974075,34.43688019796542,Male,Married
181516.81569571764,9,25.96656777837863,18.09224430537806,Male,Married
77548.30514792106,11,46.355362334320276,27.16931439717092,Male,Married
104288.88534682753,13,79.38169726043171,81.15424436073073,Female,Married
131109.91166414967,7,75.09144736936993,65.6882440097639,Female,Divorced
127046.98758060738,8,82.14999422125626,79.6557640345381,Male,Single
86204.0512867851,9,38.841582240523906,46.97586578929776,Male,Single
53357.01803916272,5,14.359487862797288,8.5514502883874,Female,Married
70097.96653709453,9,32.93754375963479,39.59778242335461,Male,Single
168397.8153459777,9,26.116634372655195,27.780419667320487,Female,Divorced
161932.53654565944,9,27.900951310940584,7.970166912828592,Female,Single
178108.78755671304,9,28.8549151135497,34.51176990512327,Female,Divorced
177277.19044679942,9,32.08910358531618,32.80800479499645,Male,Divorced
54349.592313407855,6,20.159374024994463,22.436537002003625,Male,Single
43086.694909651254,5,13.337159293892014,29.849329045679177,Male,Single
171760.29207550935,9,29.756460966553142,32.60999022262833,Male,Divorced
135624.71006192727,9,81.57153633040345,78.94881529939641,Male,Single
92522.31142751433,10,33.50614624300144,23.98002082487132,Male,Married
74286.28810152772,10,40.43056625799349,45.99622792729289,Male,Divorced
48484.50634985465,6,15.044221317054603,23.96913115909254,Male,Single
125490.28319770182,7,75.82793632082729,87.06424214476976,Female,Divorced
121384.22406888205,9,73.96718028471636,84.796578067718,Female,Divorced
79945.8910431687,9,37.956013916668674,26.525451460443204,Male,Single
79936.6195041711,10,36.16198543130621,28.765338343284366,Female,Married
184850.80901443493,10,31.345598057618258,36.12402478847653,Male,Single
100010.70205574937,13,84.89820886146956,69.46503567094881,Female,Married
47859.98983724142,5,9.897473665400831,10.274798457471249,Female,Divorced
79926.48421870859,11,39.453411907947846,37.19284498908955,Female,Married
173028.23089151978,10,16.227741071462418,16.057586061602787,Female,Single
100573.07134515287,14,89.3084726963906,85.50615993254819,Male,Divorced
42532.20512660661,5,12.315069346836697,14.80830838579291,Female,Married
70047.72096987169,11,36.67462110872252,46.22582801132736,Male,Single
98654.74185435576,12,92.58293117443338,93.87273420859032,Male,Single
75231.92281314445,11,48.26598980046417,48.39262768094899,Female,Divorced
39075.53157145025,5,19.349911915670887,23.694491034838514,Female,Married
80803.10913680353,10,32.85416595752922,7.572369811701694,Female,Single
53333.99016367176,6,15.904405055420135,22.54053604276154,Male,Married
135535.18006965457,7,77.18413831322104,61.781054624948275,Female,Single
69565.61879573384,9,37.1753671264308,34.63412977229112,Male,Married
46808.27761568433,6,25.568635511976314,32.97782357110859,Female,Divorced
99914.20384194636,13,84.09445128272769,89.63289285447657,Male,Divorced
56971.578896294006,6,14.75480912610157,18.131663797875532,Female,Married
188020.58188891894,9,33.15207144008625,38.988586951679025,Male,Married
42954.57534857157,6,13.929515067877752,-4.427121625875749,Male,Single
128981.91721781378,7,77.6417477544324,69.43251905969167,Male,Married
120168.71339413717,8,74.3562277900274,85.20092064987942,Female,Married
124537.10343660742,7,75.80434566010605,54.722439300234335,Male,Married
79797.42154068852,10,41.57694354444956,37.51255436008506,Female,Married
168041.931447846,9,33.31503146447852,33.16590584576367,Male,Single
103789.71999279472,13,96.84959573944342,86.32771326712631,Female,Single
49132.79054079287,6,22.864005389702037,39.263211007389756,Male,Married
102290.94268292503,13,87.24724725627075,87.86904639729262,Male,Married
102594.59107369183,12,83.6812621720151,87.4015249576034,Male,Married
189099.70475702878,9,27.90013830572173,31.929029324497655,Male,Married
100225.69595016434,13,84.68102330138704,81.79800514311721,Male,Married
101059.5571644781,12,90.17415712478098,86.79130791024463,Male,Married
43318.86437204263,6,17.27246577881032,21.53220549084169,Male,Single
71947.31633408648,10,40.86885055147022,56.62979705309504,Female,Divorced
170016.24185098783,9,25.099817820366017,36.40308751448229,Female,Divorced
64640.84507742662,9,39.12749126821651,27.8105995689911,Female,Divorced
172970.17169680318,9,24.013238130400204,7.745047054341672,Male,Single
112599.12953829973,13,77.96411910103055,73.87112529769003,Female,Married
178358.67628163958,9,13.384755417723198,4.834284064391374,Female,Divorced
176237.15916138998,9,24.62620214611774,34.74755312283402,Male,Single
48494.10444213727,7,24.38228725048241,36.841966974822874,Male,Single
71649.73406953232,10,33.84732744810213,31.99989144065423,Male,Married
168338.07412845755,9,20.71248897835587,17.209964883315862,Female,Married
74417.31835946252,9,39.11407009658017,21.487698255196833,Female,Divorced
49794.53706987534,6,11.523710597630043,12.589181862229978,Female,Divorced
33480.1815681024,6,12.387876110810971,-5.332178089789849,Female,Divorced
70806.09576971142,10,43.026430483502274,45.69986869852656,Male,Divorced
180473.3814726806,9,19.473801983524755,14.190588118196091,Female,Single
68595.13100075176,11,38.23531530184013,34.864712752209684,Male,Single
134063.57410708882,9,69.1558284323441,72.7857169956114,Female,Single
39460.47414828927,6,12.246150296265728,7.796769622912025,Female,Divorced
87025.85779665501,10,28.05556287403592,24.42638041575279,Female,Divorced
136377.72994685158,8,81.79755576609696,82.64328240720315,Female,Divorced
105926.29973520123,13,89.68184554768322,87.60105079719773,Female,Single
85551.12033043092,10,33.45768761236235,43.03706155174744,Female,Single
77661.6915491393,10,42.56238594255932,51.13951737579629,Female,Married
49137.936178071126,6,13.08051966063864,16.99226495114926,Female,Single
102062.05645885316,13,95.0827202219692,102.39217341793184,Male,Divorced
162564.61429940432,9,24.74183674551875,43.94704885614705,Male,Single
120077.78082336167,9,78.22752005506118,68.6539181832289,Male,Divorced
80873.63418119203,10,37.69271696112239,53.84857822462406,Female,Single
183000.33461188865,9,25.00592903069034,21.70909691566571,Female,Divorced
166615.33655273606,9,25.335369242048333,27.827502049709302,Female,Married
131716.04858730728,8,78.35782646114382,79.3942584714264,Female,Single
91739.74761185345,13,77.9325295811654,85.75948881406727,Male,Married
127893.193483439,9,78.33444172032807,61.64649636666192,Male,Married
178672.98762586265,10,26.996613527837248,28.34631711804828,Male,Divorced
123767.19125567736,8,82.64340493423076,81.30609957611894,Female,Single
51327.077501122345,5,21.584194655327863,10.794413990819256,Male,Divorced
165249.1827833412,9,30.477443339262773,22.45642462179949,Male,Divorced
171608.9518810148,10,30.890494210291706,38.65984805311655,Male,Married
109253.90281801514,13,93.54650168651204,98.13074766372131,Female,Married
99937.47028899727,13,82.10330253493822,93.24896116264519,Female,Single
100410.00341821954,13,80.26191560048612,75.05752188918277,Female,Divorced
75654.25657566148,10,41.388758472400035,38.02012288687084,Male,Divorced
69638.2327369274,11,37.5033578714405,30.4309438350254,Male,Married
42818.86100424935,6,8.523169989286778,-0.027172675585337203,Female,Married
49059.55196970503,7,24.65528210391668,21.595809234122914,Female,Single
100750.8369669441,13,92.3610296305338,110.97544365454436,Male,Single
177989.5218531149,9,29.477885971599918,41.75519827357171,Female,Single
45065.85915552467,5,15.70704613042086,17.380393054288376,Male,Divorced
68667.81324263352,11,39.94741516169634,35.04518633151019,Male,Single
76523.30994144673,11,41.30297427634964,46.143312456718185,Female,Single
78888.10918745864,10,40.80779709783447,32.58423364105404,Female,Divorced
50984.85167355103,6,14.456199087455541,-13.555682435520922,Male,Single
155161.22642928478,10,24.53286905858699,18.509865141006156,Female,Married
79005.94707704522,9,45.815512628775735,44.662399323703376,Male,Married
91303.52382722322,10,40.121858692276064,46.206035053548455,Female,Married
50511.12624402694,5,6.1199125265815155,-18.34536775124709,Female,Married
122407.40030774198,7,72.41418678821961,53.018885326226226,Male,Divorced
135887.6702016713,8,78.55711707094788,98.51084423192891,Male,Single
100733.59791721421,13,86.65341650469666,86.43090974033215,Male,Single
127834.7186711302,8,72.76607165079696,69.75557414373081,Male,Divorced
179254.75647072154,9,30.09973971419446,41.06856665325222,Female,Married
80166.2564182711,11,50.76311207455848,56.90883568670671,Male,Married
48558.46079519895,6,17.72486446922749,4.474164529976759,Female,Single
55835.467170293865,5,8.977442668196574,15.930507402068134,Female,Divorced
104430.1690538422,13,76.69808211987939,80.9208741836748,Male,Divorced
167045.11864014328,9,24.184712218145638,46.77835798816409,Female,Divorced
77578.73470091051,10,39.062766213778694,25.675994917857622,Male,Divorced
172403.192871078,9,23.95999533903518,13.367154434107427,Female,Single
162720.37124508666,10,31.36968762296437,54.781287664144074,Male,Single
176806.74761267193,8,17.524849818729916,20.663788641693408,Male,Divorced
165143.81673606328,9,31.724000153882454,29.32616560018583,Male,Single
79746.47020423981,10,36.92481581836005,36.87059314542066,Female,Single
79303.18032357651,11,44.294838558284376,57.165156914386245,Male,Married
127213.58631270837,7,77.6519772501288,67.81373517873848,Female,Single
82152.58590489959,10,39.309086197302825,47.45723248151682,Female,Married
111510.74063538357,13,82.40369889374114,89.50231592785673,Male,Divorced
46639.679865941696,7,16.004626708782254,17.1677544717934,Female,Single
76060.92974483714,10,44.579977075844354,54.84850380441587,Male,Married
174712.48198450552,10,22.533672084554215,20.07503685447227,Male,Married
71571.1682042898,9,44.586315869209365,52.30993641540195,Female,Married
82495.6522849833,10,47.45237744569196,61.784739232946826,Female,Divorced
46909.700079736824,5,27.524281437640095,33.72718499131043,Female,Married
108492.815729751,13,83.57521883279831,84.28392040772867,Male,Divorced
138796.68719905947,7,86.39000965653041,95.6672363554578,Male,Married
70305.07121378816,11,48.5008551682909,63.10242385193396,Male,Married
107763.46708651319,13,79.82202984905868,64.03036165312882,Male,Married
77496.00116090183,10,43.75203734134601,46.22610352352032,Male,Married
63799.30521639113,11,45.05808786380816,50.310792938719274,Male,Divorced
177934.89279265678,9,31.51928192959886,40.81798065670257,Female,Married
174606.48849815756,9,26.639289778898,11.716477831855551,Male,Divorced
187059.68711257848,9,23.502828335051795,17.024156371249816,Female,Single
95946.02064758027,13,92.1264148702858,77.63913372046068,Female,Married
46225.465783257736,5,5.665328449325941,-0.553562045571999,Male,Married
44034.924217023334,6,15.75397349677571,20.324166822913497,Male,Divorced
70348.81524840469,11,39.061743196244414,47.638678988030954,Female,Divorced
78230.98199260765,11,42.921099470217854,17.985137621495788,Female,Single
131733.12534349598,7,78.35325484729823,69.1044009668041,Female,Married
97004.95823165665,14,86.74719222538133,100.82521643257287,Male,Married
140307.981390392,9,78.22856733280145,72.93234901919107,Male,Single
39952.2913593305,6,18.417793051360796,15.589400362481424,Male,Single
90487.93258811286,10,41.83104506904598,36.403225096227594,Male,Single
112493.70466030673,13,93.05626659409953,107.33566794077917,Male,Married
105498.66614060079,13,87.62426187865448,83.27834193665142,Male,Single
132696.28424658152,8,71.08333410337711,74.22250683810981,Male,Divorced
176943.94801801475,9,37.40948602965628,47.761889396052375,Male,Divorced
169895.50637340365,10,16.794043540886193,13.19356333415341,Male,Divorced
166418.13896563704,9,31.60306081782929,39.13876606410509,Male,Single
112923.11345956865,14,86.38533098613115,71.95003632781118,Male,Divorced
55296.526861689366,6,10.420598011775681,15.636699739961637,Female,Divorced
115828.89528970249,9,64.60759378054235,71.73274122611005,Female,Divorced
63107.553914297714,10,30.059850116539245,17.098650835625584,Male,Married
47216.56789994119,6,19.129633470173204,13.19980697965101,Female,Married
119613.72122790366,8,78.34013888451327,63.43022982903656,Male,Married
100251.30336615806,13,81.79757846143423,93.44636203481394,Male,Married
178524.51823761035,8,25.90777455919898,46.393673943017845,Female,Divorced
47261.89604422619,5,18.513339862069735,35.765239700993554,Female,Single
175833.7719815936,10,21.919640427988686,9.824759565794107,Female,Single
178065.34776139725,9,21.913060636870508,24.108340111110557,Female,Married
71632.11029017204,10,39.087589255862525,38.585119416736624,Female,Single
44335.38183478953,6,8.462105616620406,4.814217976000099,Female,Divorced
48288.10354362517,6,20.237996301440273,26.942443653446166,Male,Single
122622.82386147273,7,72.70778947642977,80.04687136998773,Male,Single
173258.23635340077,10,23.74734385166605,42.484201878634224,Male,Married
185714.4139150295,10,31.693349175904032,41.526794756079084,Male,Single
183990.59901460767,10,30.972593044919066,30.473291040125552,Male,Married
68089.65872225864,11,34.30775722316493,36.396893384523004,Female,Married
81120.06414508465,10,34.00951927533269,25.20579453525283,Female,Married
49414.304931089195,6,9.03096766357978,-2.340748866401185,Female,Single
80380.77060431545,10,35.24947918302871,53.83299317091161,Male,Married
121045.20827879402,8,75.9343005123108,66.28207380961989,Male,Married
175789.76959233196,9,22.00785969010636,16.959743634397388,Male,Married
90462.91042489886,13,83.1959435666655,108.10042793688555,Female,Divorced
98521.77480439318,13,88.21672645757569,85.1044869072353,Male,Married
80817.86338260856,10,40.73985122172964,32.467770719984244,Male,Single
55883.89557278412,6,7.070718009881887,18.50082533125819,Female,Divorced
180444.61756067188,10,27.240069643356318,23.16151928233002,Female,Divorced
39438.54448336479,6,24.31405633970121,22.309833551129714,Male,Married
77858.46586323113,11,35.810570940807324,36.908580763094875,Male,Divorced
106303.07315584362,13,83.08993651972031,80.56497841386172,Male,Single
46681.17496818538,6,6.5373855502439255,-4.671453694840306,Female,Married
51644.50203996755,7,16.801212784411696,24.825122543786065,Female,Single
112421.35759224283,13,84.18489776938495,88.69558357602922,Female,Divorced
73019.932076261,11,41.314203680747845,20.442416096964813,Female,Divorced
82332.22642278892,10,35.954093369546825,47.75452469395587,Male,Divorced
93064.24640730998,13,87.39766631511978,87.4112982112994,Male,Divorced
46581.405350053785,7,13.215230575311953,6.509355355408299,Female,Married
70300.80665897384,10,28.510954260215073,17.694004912329795,Male,Single
187977.1278595489,9,22.060986591160557,34.878778802383216,Male,Single
110904.91593853939,13,91.95838190138035,98.36215169356376,Male,Divorced
105663.4120066911,13,92.03619829855627,100.47433833241179,Female,Married
165299.57270231025,10,25.372389996983035,16.656484733192684,Male,Married
129971.72545323822,6,76.85769409403702,61.84604009413587,Female,Divorced
53355.21355188504,5,15.025078226406148,24.179651495087267,Female,Divorced
116101.50497868967,8,75.23828551714607,77.88658341628015,Male,Married
38083.1300340342,6,23.217721111364927,26.538179400052613,Male,Married
72352.24294787092,10,31.435773367112382,28.770715632171477,Female,Divorced
89183.1316682003,14,88.13770996191671,75.66245336258919,Female,Single
87882.73106784852,13,91.35863888806381,104.9818784692354,Female,Divorced
156791.87373641014,9,21.060874734510495,16.63640057294813,Female,Single
71581.2961509579,10,45.88265344567843,56.25508433630639,Male,Married
100639.12618760347,13,93.35448170273644,103.12933573007946,Male,Divorced
132871.13635237573,9,77.28825475699999,71.57003123913435,Male,Married
128425.25603201105,8,81.78542035084908,64.801298691174,Female,Divorced
107662.37553971242,13,88.35650810726585,88.10753684893261,Male,Married
175839.18417274219,9,29.176115407087202,25.246887437716367,Male,Single
46459.27186563652,6,15.75391585395871,3.4934346372556675,Female,Married
97459.69503030152,13,93.30661047351185,82.19341043847734,Male,Single
101156.10054849822,13,81.96583067661741,60.48696005366017,Male,Married
59046.627997102994,5,23.129665268929994,22.478756914407377,Female,Married
176811.31275621193,10,28.712210828392237,26.453249974448948,Female,Single
128138.44576748404,8,78.04596235410321,81.18966989456845,Female,Divorced
174519.10450985236,9,32.417150056790234,43.706473127417325,Male,Single
172860.22976098384,8,33.81602288601143,35.131677684839715,Male,Divorced
103213.91693159132,12,82.90793914899062,79.43738477554922,Female,Divorced
46234.855265703314,6,13.795138972335504,30.859589313652904,Female,Divorced
168274.7918618462,9,30.473239510004426,35.088737959689496,Male,Divorced
50231.15816244266,5,20.603941211129218,21.92339210816278,Male,Married
169353.17859075504,9,33.82029213899005,42.58038614418085,Female,Divorced
164114.96392931233,10,28.38125441125181,19.722463937428504,Female,Married
140218.3218882702,7,79.47870105828447,83.35925008748792,Female,Single
68753.54543352743,10,46.214259150344525,51.57742822282887,Female,Married
99925.23241082515,12,82.80519960309428,73.010804609968,Female,Married
42649.14631700046,6,21.12549179258509,21.702946729056354,Female,Married
170794.10624580662,9,27.517666289573107,20.413505329419284,Female,Divorced
110475.43363375278,14,85.07411687688679,83.00432815233918,Female,Divorced
94500.07443777486,12,92.9010732518101,88.73208757833913,Male,Divorced
120191.08376590419,7,74.00648243119048,81.50025933097987,Female,Divorced
167920.39385212088,9,18.586497786065273,-0.154611484383274,Male,Divorced
129482.37002955085,8,73.89403659369275,76.37816521059639,Female,Married
167191.2812908725,10,17.704592709663075,18.300854815711148,Male,Married
107725.61736458959,13,87.68223277711705,91.1279042785441,Female,Single
111428.4950841149,13,100.0,108.94003295223456,Female,Single
